{
  "timestamp": 1778953543.9589398,
  "model_id": "unknown",
  "avg_accuracy": 0.8333333333333333,
  "avg_latency": 88.93536329269409,
  "details": [
    {
      "query": "Explique l'intrigue de l'anime Death Note en une phrase.",
      "accuracy": 0.6666666666666666,
      "latency": 116.4911367893219,
      "hits": 2,
      "total_facts": 3
    },
    {
      "query": "Qui est l'auteur du manga One Piece ?",
      "accuracy": 1.0,
      "latency": 61.379589796066284,
      "hits": 1,
      "total_facts": 1
    }
  ]
}