{
  "timestamp": 1778949952.9191618,
  "model_id": "unknown",
  "avg_accuracy": 0.6666666666666666,
  "avg_latency": 98.80133199691772,
  "details": [
    {
      "query": "Explique l'intrigue de l'anime Death Note en une phrase.",
      "accuracy": 0.3333333333333333,
      "latency": 114.9664478302002,
      "hits": 1,
      "total_facts": 3
    },
    {
      "query": "Qui est l'auteur du manga One Piece ?",
      "accuracy": 1.0,
      "latency": 82.63621616363525,
      "hits": 1,
      "total_facts": 1
    }
  ]
}