{
  "timestamp": 1778951413.884606,
  "model_id": "unknown",
  "avg_accuracy": 0.6666666666666666,
  "avg_latency": 103.96826767921448,
  "details": [
    {
      "query": "Explique l'intrigue de l'anime Death Note en une phrase.",
      "accuracy": 0.3333333333333333,
      "latency": 127.33790636062622,
      "hits": 1,
      "total_facts": 3
    },
    {
      "query": "Qui est l'auteur du manga One Piece ?",
      "accuracy": 1.0,
      "latency": 80.59862899780273,
      "hits": 1,
      "total_facts": 1
    }
  ]
}