{
  "timestamp": 1778953309.2284284,
  "model_id": "unknown",
  "avg_accuracy": 0.8333333333333333,
  "avg_latency": 113.77286863327026,
  "details": [
    {
      "query": "Explique l'intrigue de l'anime Death Note en une phrase.",
      "accuracy": 0.6666666666666666,
      "latency": 145.79173135757446,
      "hits": 2,
      "total_facts": 3
    },
    {
      "query": "Qui est l'auteur du manga One Piece ?",
      "accuracy": 1.0,
      "latency": 81.75400590896606,
      "hits": 1,
      "total_facts": 1
    }
  ]
}