{
  "timestamp": 1778953011.4735324,
  "model_id": "unknown",
  "avg_accuracy": 0.6666666666666666,
  "avg_latency": 105.99686062335968,
  "details": [
    {
      "query": "Explique l'intrigue de l'anime Death Note en une phrase.",
      "accuracy": 0.3333333333333333,
      "latency": 143.15664100646973,
      "hits": 1,
      "total_facts": 3
    },
    {
      "query": "Qui est l'auteur du manga One Piece ?",
      "accuracy": 1.0,
      "latency": 68.83708024024963,
      "hits": 1,
      "total_facts": 1
    }
  ]
}