{
  "timestamp": 1778950888.2473156,
  "model_id": "unknown",
  "avg_accuracy": 0.6666666666666666,
  "avg_latency": 98.17589521408081,
  "details": [
    {
      "query": "Explique l'intrigue de l'anime Death Note en une phrase.",
      "accuracy": 0.3333333333333333,
      "latency": 126.51144981384277,
      "hits": 1,
      "total_facts": 3
    },
    {
      "query": "Qui est l'auteur du manga One Piece ?",
      "accuracy": 1.0,
      "latency": 69.84034061431885,
      "hits": 1,
      "total_facts": 1
    }
  ]
}