{
  "timestamp": 1778951943.3254602,
  "model_id": "unknown",
  "avg_accuracy": 0.8333333333333333,
  "avg_latency": 102.0050345659256,
  "details": [
    {
      "query": "Explique l'intrigue de l'anime Death Note en une phrase.",
      "accuracy": 0.6666666666666666,
      "latency": 117.13142490386963,
      "hits": 2,
      "total_facts": 3
    },
    {
      "query": "Qui est l'auteur du manga One Piece ?",
      "accuracy": 1.0,
      "latency": 86.87864422798157,
      "hits": 1,
      "total_facts": 1
    }
  ]
}