{
  "timestamp": 1778952646.9669435,
  "model_id": "unknown",
  "avg_accuracy": 0.6666666666666666,
  "avg_latency": 102.03861427307129,
  "details": [
    {
      "query": "Explique l'intrigue de l'anime Death Note en une phrase.",
      "accuracy": 0.3333333333333333,
      "latency": 126.12445402145386,
      "hits": 1,
      "total_facts": 3
    },
    {
      "query": "Qui est l'auteur du manga One Piece ?",
      "accuracy": 1.0,
      "latency": 77.95277452468872,
      "hits": 1,
      "total_facts": 1
    }
  ]
}